function,config,best,mean,std,median,n_runs
cross_in_tray,real_arithmetic,-2.0493051253067827,-1.854693208423479,0.16143942521486238,-1.8989775461296607,30
cross_in_tray,real_blx,-2.0553623196168997,-1.713433715838839,0.1762510351158741,-1.6866115637025805,30
cross_in_tray,binary_1point,-2.060113935628024,-2.016766722559799,0.044860123484651925,-2.0272183836310145,30
cross_in_tray,binary_2point,-2.062135274987348,-2.005559652252859,0.045256236966854164,-2.0188847284744966,30
bukin_n6,real_arithmetic,1.6649954900218895,21.70702951657231,14.068657444125432,21.00047710338049,30
bukin_n6,real_blx,7.03700654943594,23.12626967942891,10.366818295309097,22.574021391750776,30
bukin_n6,binary_1point,3.8853559731596863,17.81321449408585,8.624039450231948,15.21978869519063,30
bukin_n6,binary_2point,3.907600094299448,18.620449130184404,12.491643099112292,14.901725651693388,30
